CREATE DATABASE hospital_management;
USE hospital_management;
CREATE TABLE patients (
    patient_id INT PRIMARY KEY,
    name VARCHAR(50),
    age INT,
    gender VARCHAR(10)
);

CREATE TABLE departments (
    department_id INT PRIMARY KEY,
    name VARCHAR(50)
);

CREATE TABLE doctors (
    doctor_id INT PRIMARY KEY,
    name VARCHAR(50),
    specialty VARCHAR(50),
    department_id INT,
    FOREIGN KEY (department_id) REFERENCES departments(department_id)
);

CREATE TABLE visits (
    visit_id INT PRIMARY KEY,
    patient_id INT,
    doctor_id INT,
    visit_date DATE,
    complaint VARCHAR(100),
    FOREIGN KEY (patient_id) REFERENCES patients(patient_id),
    FOREIGN KEY (doctor_id) REFERENCES doctors(doctor_id)
);

CREATE TABLE diagnoses (
    diagnosis_id INT PRIMARY KEY,
    visit_id INT,
    diagnosis VARCHAR(100),
    FOREIGN KEY (visit_id) REFERENCES visits(visit_id)
);

CREATE TABLE prescriptions (
    prescription_id INT PRIMARY KEY,
    visit_id INT,
    medicine_name VARCHAR(100),
    dosage VARCHAR(50),
    FOREIGN KEY (visit_id) REFERENCES visits(visit_id)
);

CREATE TABLE billing (
    bill_id INT PRIMARY KEY,
    visit_id INT,
    amount DECIMAL(10,2),
    status VARCHAR(20),
    FOREIGN KEY (visit_id) REFERENCES visits(visit_id)
);

INSERT INTO departments VALUES (1, 'Cardiology'), (2, 'Neurology'), (3, 'Pediatrics'), (4, 'Orthopedics'), (5, 'Dermatology');
INSERT INTO doctors VALUES (1, 'Dr. Mehta', 'Cardiologist', 1), (2, 'Dr. Sen', 'Neurologist', 2), (3, 'Dr. Roy', 'Pediatrician', 3), (4, 'Dr. Rana', 'Orthopedic', 4), (5, 'Dr. Shah', 'Dermatologist', 5);
INSERT INTO patients VALUES (1, 'Kriti1', 8, 'Male'), (2, 'Pooja2', 47, 'Male'), (3, 'Asha3', 42, 'Female'), (4, 'Kriti4', 61, 'Female'), (5, 'Ravi5', 37, 'Male'), (6, 'Asha6', 5, 'Male'), (7, 'Karan7', 71, 'Male'), (8, 'Pooja8', 10, 'Male'), (9, 'Ravi9', 58, 'Male'), (10, 'Pooja10', 58, 'Female'), (11, 'Rahul11', 66, 'Female'), (12, 'Anil12', 59, 'Male'), (13, 'Asha13', 18, 'Female'), (14, 'Rahul14', 45, 'Female'), (15, 'Suresh15', 39, 'Male'), (16, 'Ravi16', 5, 'Female'), (17, 'Neha17', 7, 'Female'), (18, 'Asha18', 65, 'Female'), (19, 'Neha19', 53, 'Male'), (20, 'Meena20', 66, 'Male'), (21, 'Kriti21', 13, 'Male'), (22, 'Ravi22', 39, 'Male'), (23, 'Meena23', 45, 'Female'), (24, 'Rahul24', 12, 'Female'), (25, 'Suresh25', 29, 'Male'), (26, 'Suresh26', 29, 'Male'), (27, 'Kriti27', 11, 'Male'), (28, 'Asha28', 43, 'Male'), (29, 'Meena29', 59, 'Female'), (30, 'Asha30', 36, 'Female'), (31, 'Kriti31', 5, 'Female'), (32, 'Anil32', 44, 'Female'), (33, 'Meena33', 75, 'Male'), (34, 'Karan34', 49, 'Male'), (35, 'Karan35', 45, 'Female'), (36, 'Pooja36', 28, 'Female'), (37, 'Neha37', 58, 'Male'), (38, 'Anil38', 60, 'Female'), (39, 'Anil39', 50, 'Female'), (40, 'Kriti40', 71, 'Female'), (41, 'Asha41', 49, 'Male'), (42, 'Anil42', 31, 'Male'), (43, 'Meena43', 38, 'Male'), (44, 'Ravi44', 20, 'Female'), (45, 'Neha45', 6, 'Male'), (46, 'Karan46', 15, 'Female'), (47, 'Kriti47', 7, 'Male'), (48, 'Rahul48', 48, 'Female'), (49, 'Suresh49', 58, 'Male'), (50, 'Karan50', 63, 'Female'), (51, 'Meena51', 39, 'Male'), (52, 'Kriti52', 58, 'Male'), (53, 'Pooja53', 37, 'Female'), (54, 'Karan54', 70, 'Female'), (55, 'Meena55', 45, 'Male'), (56, 'Pooja56', 70, 'Female'), (57, 'Karan57', 20, 'Female'), (58, 'Asha58', 6, 'Male'), (59, 'Pooja59', 40, 'Female'), (60, 'Asha60', 56, 'Male'), (61, 'Anil61', 26, 'Female'), (62, 'Rahul62', 25, 'Male'), (63, 'Rahul63', 53, 'Female'), (64, 'Anil64', 26, 'Female'), (65, 'Ravi65', 51, 'Male'), (66, 'Ravi66', 28, 'Male'), (67, 'Asha67', 68, 'Female'), (68, 'Meena68', 13, 'Female'), (69, 'Meena69', 55, 'Male'), (70, 'Rahul70', 75, 'Female'), (71, 'Karan71', 27, 'Female'), (72, 'Kriti72', 37, 'Male'), (73, 'Karan73', 60, 'Female'), (74, 'Suresh74', 40, 'Female'), (75, 'Meena75', 16, 'Female'), (76, 'Karan76', 40, 'Female'), (77, 'Karan77', 53, 'Female'), (78, 'Suresh78', 74, 'Male'), (79, 'Rahul79', 39, 'Female'), (80, 'Ravi80', 55, 'Male'), (81, 'Kriti81', 50, 'Male'), (82, 'Neha82', 66, 'Female'), (83, 'Pooja83', 15, 'Male'), (84, 'Ravi84', 39, 'Male'), (85, 'Asha85', 36, 'Female'), (86, 'Pooja86', 42, 'Female'), (87, 'Anil87', 31, 'Male'), (88, 'Rahul88', 61, 'Female'), (89, 'Rahul89', 45, 'Female'), (90, 'Anil90', 24, 'Female'), (91, 'Neha91', 71, 'Male'), (92, 'Suresh92', 10, 'Female'), (93, 'Asha93', 74, 'Male'), (94, 'Kriti94', 65, 'Female'), (95, 'Neha95', 29, 'Male'), (96, 'Meena96', 39, 'Male'), (97, 'Anil97', 64, 'Male'), (98, 'Meena98', 33, 'Male'), (99, 'Anil99', 54, 'Female'), (100, 'Neha100', 13, 'Female');
INSERT INTO visits VALUES (1, 52, 2, '2025-06-17', 'Joint pain'), (2, 84, 5, '2025-07-23', 'Joint pain'), (3, 43, 2, '2025-02-12', 'Joint pain'), (4, 85, 3, '2025-06-26', 'Chest pain'), (5, 93, 3, '2025-02-14', 'Headache'), (6, 79, 5, '2025-06-22', 'Headache'), (7, 46, 3, '2025-01-10', 'Headache'), (8, 38, 4, '2025-06-12', 'Joint pain'), (9, 35, 1, '2025-04-07', 'Fever'), (10, 91, 4, '2025-03-03', 'Chest pain'), (11, 85, 3, '2025-05-15', 'Headache'), (12, 45, 1, '2025-01-18', 'Chest pain'), (13, 8, 4, '2025-01-15', 'Joint pain'), (14, 83, 4, '2025-03-04', 'Chest pain'), (15, 3, 1, '2025-01-20', 'Chest pain'), (16, 13, 4, '2025-01-25', 'Headache'), (17, 96, 5, '2025-04-11', 'Joint pain'), (18, 46, 4, '2025-06-05', 'Fever'), (19, 94, 2, '2025-06-21', 'Skin rash'), (20, 27, 4, '2025-02-08', 'Skin rash'), (21, 71, 3, '2025-03-28', 'Joint pain'), (22, 29, 3, '2025-07-04', 'Joint pain'), (23, 43, 4, '2025-05-06', 'Skin rash'), (24, 49, 3, '2025-03-21', 'Headache'), (25, 83, 5, '2025-05-05', 'Chest pain'), (26, 35, 1, '2025-06-10', 'Chest pain'), (27, 69, 1, '2025-01-30', 'Joint pain'), (28, 60, 3, '2025-01-09', 'Headache'), (29, 10, 1, '2025-03-13', 'Headache'), (30, 69, 2, '2025-06-12', 'Chest pain'), (31, 9, 5, '2025-04-15', 'Joint pain'), (32, 32, 3, '2025-01-15', 'Skin rash'), (33, 88, 1, '2025-03-20', 'Skin rash'), (34, 32, 2, '2025-07-06', 'Joint pain'), (35, 62, 4, '2025-05-06', 'Joint pain'), (36, 35, 5, '2025-01-17', 'Fever'), (37, 21, 5, '2025-05-10', 'Fever'), (38, 67, 1, '2025-06-11', 'Skin rash'), (39, 24, 2, '2025-01-04', 'Fever'), (40, 91, 2, '2025-05-23', 'Fever'), (41, 97, 3, '2025-05-21', 'Skin rash'), (42, 89, 1, '2025-06-20', 'Fever'), (43, 18, 4, '2025-07-23', 'Skin rash'), (44, 74, 3, '2025-05-02', 'Joint pain'), (45, 61, 4, '2025-01-08', 'Fever'), (46, 15, 3, '2025-07-14', 'Chest pain'), (47, 6, 4, '2025-04-11', 'Skin rash'), (48, 85, 3, '2025-05-17', 'Skin rash'), (49, 34, 5, '2025-03-17', 'Skin rash'), (50, 51, 3, '2025-07-12', 'Skin rash'), (51, 72, 2, '2025-07-10', 'Chest pain'), (52, 65, 4, '2025-01-25', 'Headache'), (53, 83, 5, '2025-05-04', 'Headache'), (54, 87, 3, '2025-05-05', 'Chest pain'), (55, 48, 4, '2025-05-11', 'Headache'), (56, 58, 2, '2025-02-09', 'Chest pain'), (57, 89, 4, '2025-04-13', 'Joint pain'), (58, 83, 4, '2025-07-12', 'Skin rash'), (59, 59, 3, '2025-03-07', 'Chest pain'), (60, 86, 1, '2025-01-22', 'Fever'), (61, 6, 3, '2025-03-12', 'Headache'), (62, 59, 1, '2025-07-02', 'Joint pain'), (63, 33, 4, '2025-05-11', 'Headache'), (64, 33, 4, '2025-03-09', 'Headache'), (65, 23, 3, '2025-03-18', 'Chest pain'), (66, 85, 2, '2025-03-09', 'Fever'), (67, 24, 1, '2025-07-23', 'Joint pain'), (68, 88, 1, '2025-01-05', 'Headache'), (69, 84, 1, '2025-06-20', 'Fever'), (70, 26, 4, '2025-04-11', 'Headache'), (71, 52, 4, '2025-06-19', 'Fever'), (72, 87, 2, '2025-07-13', 'Joint pain'), (73, 51, 1, '2025-04-16', 'Headache'), (74, 54, 1, '2025-03-23', 'Headache'), (75, 58, 1, '2025-04-24', 'Headache'), (76, 84, 3, '2025-01-18', 'Skin rash'), (77, 91, 5, '2025-07-16', 'Fever'), (78, 100, 4, '2025-01-29', 'Skin rash'), (79, 84, 5, '2025-01-17', 'Headache'), (80, 92, 1, '2025-01-06', 'Fever'), (81, 51, 3, '2025-07-10', 'Chest pain'), (82, 55, 2, '2025-03-24', 'Joint pain'), (83, 13, 4, '2025-01-05', 'Skin rash'), (84, 33, 1, '2025-05-29', 'Fever'), (85, 3, 1, '2025-04-02', 'Chest pain'), (86, 19, 5, '2025-06-08', 'Skin rash'), (87, 73, 1, '2025-02-27', 'Fever'), (88, 55, 3, '2025-06-08', 'Joint pain'), (89, 98, 1, '2025-01-31', 'Joint pain'), (90, 72, 1, '2025-02-24', 'Headache'), (91, 20, 1, '2025-05-26', 'Chest pain'), (92, 34, 3, '2025-07-15', 'Fever'), (93, 100, 1, '2025-01-19', 'Joint pain'), (94, 36, 2, '2025-02-14', 'Fever'), (95, 92, 5, '2025-05-02', 'Chest pain'), (96, 89, 5, '2025-02-09', 'Chest pain'), (97, 42, 1, '2025-03-06', 'Chest pain'), (98, 23, 4, '2025-04-04', 'Chest pain'), (99, 34, 4, '2025-06-10', 'Headache'), (100, 52, 4, '2025-07-22', 'Fever'), (101, 94, 4, '2025-05-08', 'Skin rash'), (102, 90, 5, '2025-01-13', 'Skin rash'), (103, 69, 2, '2025-01-26', 'Fever'), (104, 69, 4, '2025-05-07', 'Headache'), (105, 29, 3, '2025-07-26', 'Fever'), (106, 44, 2, '2025-04-29', 'Joint pain'), (107, 28, 1, '2025-03-07', 'Headache'), (108, 79, 3, '2025-02-04', 'Chest pain'), (109, 13, 3, '2025-04-21', 'Headache'), (110, 67, 2, '2025-06-25', 'Chest pain'), (111, 96, 3, '2025-06-05', 'Joint pain'), (112, 16, 2, '2025-07-13', 'Joint pain'), (113, 90, 1, '2025-07-12', 'Chest pain'), (114, 24, 1, '2025-06-12', 'Fever'), (115, 33, 1, '2025-06-05', 'Skin rash'), (116, 79, 4, '2025-02-03', 'Chest pain'), (117, 14, 4, '2025-01-04', 'Chest pain'), (118, 68, 2, '2025-02-19', 'Chest pain'), (119, 64, 1, '2025-05-04', 'Joint pain'), (120, 19, 3, '2025-01-30', 'Chest pain'), (121, 88, 1, '2025-02-26', 'Skin rash'), (122, 45, 4, '2025-02-27', 'Skin rash'), (123, 9, 2, '2025-01-22', 'Fever'), (124, 24, 3, '2025-02-13', 'Headache'), (125, 24, 2, '2025-05-14', 'Chest pain'), (126, 55, 3, '2025-01-02', 'Chest pain'), (127, 20, 2, '2025-02-04', 'Skin rash'), (128, 57, 2, '2025-01-05', 'Chest pain'), (129, 35, 3, '2025-03-12', 'Skin rash'), (130, 17, 1, '2025-06-25', 'Skin rash'), (131, 60, 5, '2025-05-28', 'Fever'), (132, 60, 1, '2025-07-26', 'Chest pain'), (133, 23, 2, '2025-02-21', 'Headache'), (134, 31, 5, '2025-07-16', 'Chest pain'), (135, 37, 4, '2025-03-01', 'Fever'), (136, 46, 3, '2025-05-28', 'Skin rash'), (137, 78, 2, '2025-05-08', 'Fever'), (138, 90, 4, '2025-04-15', 'Chest pain'), (139, 98, 5, '2025-07-12', 'Skin rash'), (140, 18, 5, '2025-06-02', 'Fever'), (141, 57, 5, '2025-04-11', 'Fever'), (142, 7, 5, '2025-07-07', 'Skin rash'), (143, 87, 4, '2025-01-27', 'Chest pain'), (144, 50, 1, '2025-07-04', 'Fever'), (145, 73, 2, '2025-02-17', 'Fever'), (146, 52, 2, '2025-03-05', 'Fever'), (147, 64, 2, '2025-01-02', 'Skin rash'), (148, 35, 4, '2025-01-19', 'Chest pain'), (149, 46, 5, '2025-06-15', 'Fever'), (150, 90, 4, '2025-01-14', 'Joint pain');

INSERT INTO diagnoses VALUES (1, 1, 'Eczema'), (2, 2, 'Viral infection'), (3, 3, 'Eczema'), (4, 4, 'Eczema'), (5, 5, 'Eczema'), (6, 6, 'Arthritis'), (7, 7, 'Eczema'), (8, 8, 'Angina'), (9, 9, 'Arthritis'), (10, 10, 'Arthritis'), (11, 11, 'Viral infection'), (12, 12, 'Eczema'), (13, 13, 'Migraine'), (14, 14, 'Angina'), (15, 15, 'Arthritis'), (16, 16, 'Arthritis'), (17, 17, 'Angina'), (18, 18, 'Eczema'), (19, 19, 'Angina'), (20, 20, 'Angina'), (21, 21, 'Viral infection'), (22, 22, 'Migraine'), (23, 23, 'Migraine'), (24, 24, 'Eczema'), (25, 25, 'Eczema'), (26, 26, 'Viral infection'), (27, 27, 'Migraine'), (28, 28, 'Migraine'), (29, 29, 'Angina'), (30, 30, 'Viral infection'), (31, 31, 'Arthritis'), (32, 32, 'Eczema'), (33, 33, 'Arthritis'), (34, 34, 'Migraine'), (35, 35, 'Angina'), (36, 36, 'Eczema'), (37, 37, 'Arthritis'), (38, 38, 'Arthritis'), (39, 39, 'Migraine'), (40, 40, 'Arthritis'), (41, 41, 'Angina'), (42, 42, 'Migraine'), (43, 43, 'Viral infection'), (44, 44, 'Angina'), (45, 45, 'Eczema'), (46, 46, 'Eczema'), (47, 47, 'Arthritis'), (48, 48, 'Migraine'), (49, 49, 'Arthritis'), (50, 50, 'Viral infection'), (51, 51, 'Eczema'), (52, 52, 'Viral infection'), (53, 53, 'Eczema'), (54, 54, 'Migraine'), (55, 55, 'Migraine'), (56, 56, 'Eczema'), (57, 57, 'Viral infection'), (58, 58, 'Migraine'), (59, 59, 'Eczema'), (60, 60, 'Angina'), (61, 61, 'Arthritis'), (62, 62, 'Eczema'), (63, 63, 'Arthritis'), (64, 64, 'Arthritis'), (65, 65, 'Angina'), (66, 66, 'Angina'), (67, 67, 'Viral infection'), (68, 68, 'Arthritis'), (69, 69, 'Migraine'), (70, 70, 'Eczema'), (71, 71, 'Arthritis'), (72, 72, 'Migraine'), (73, 73, 'Eczema'), (74, 74, 'Angina'), (75, 75, 'Migraine'), (76, 76, 'Arthritis'), (77, 77, 'Viral infection'), (78, 78, 'Viral infection'), (79, 79, 'Angina'), (80, 80, 'Migraine'), (81, 81, 'Migraine'), (82, 82, 'Migraine'), (83, 83, 'Viral infection'), (84, 84, 'Eczema'), (85, 85, 'Eczema'), (86, 86, 'Arthritis'), (87, 87, 'Eczema'), (88, 88, 'Eczema'), (89, 89, 'Angina'), (90, 90, 'Viral infection'), (91, 91, 'Angina'), (92, 92, 'Angina'), (93, 93, 'Arthritis'), (94, 94, 'Eczema'), (95, 95, 'Eczema'), (96, 96, 'Angina'), (97, 97, 'Arthritis'), (98, 98, 'Migraine'), (99, 99, 'Viral infection'), (100, 100, 'Eczema'), (101, 101, 'Arthritis'), (102, 102, 'Eczema'), (103, 103, 'Arthritis'), (104, 104, 'Migraine'), (105, 105, 'Migraine'), (106, 106, 'Migraine'), (107, 107, 'Angina'), (108, 108, 'Viral infection'), (109, 109, 'Angina'), (110, 110, 'Angina'), (111, 111, 'Migraine'), (112, 112, 'Eczema'), (113, 113, 'Arthritis'), (114, 114, 'Arthritis'), (115, 115, 'Eczema'), (116, 116, 'Arthritis'), (117, 117, 'Migraine'), (118, 118, 'Arthritis'), (119, 119, 'Migraine'), (120, 120, 'Eczema'), (121, 121, 'Eczema'), (122, 122, 'Viral infection'), (123, 123, 'Migraine'), (124, 124, 'Migraine'), (125, 125, 'Migraine'), (126, 126, 'Eczema'), (127, 127, 'Angina'), (128, 128, 'Migraine'), (129, 129, 'Arthritis'), (130, 130, 'Viral infection'), (131, 131, 'Viral infection'), (132, 132, 'Migraine'), (133, 133, 'Viral infection'), (134, 134, 'Migraine'), (135, 135, 'Eczema'), (136, 136, 'Arthritis'), (137, 137, 'Arthritis'), (138, 138, 'Eczema'), (139, 139, 'Viral infection'), (140, 140, 'Arthritis'), (141, 141, 'Arthritis'), (142, 142, 'Arthritis'), (143, 143, 'Arthritis'), (144, 144, 'Viral infection'), (145, 145, 'Eczema'), (146, 146, 'Eczema'), (147, 147, 'Viral infection'), (148, 148, 'Migraine'), (149, 149, 'Angina'), (150, 150, 'Migraine');

INSERT INTO prescriptions VALUES (1, 1, 'Ibuprofen', 'Apply twice daily'), (2, 2, 'Sumatriptan', '400mg as needed'), (3, 3, 'Ibuprofen', '500mg 3x daily'), (4, 4, 'Hydrocortisone', '75mg daily'), (5, 5, 'Sumatriptan', '75mg daily'), (6, 6, 'Ibuprofen', '500mg 3x daily'), (7, 7, 'Ibuprofen', '50mg when needed'), (8, 8, 'Sumatriptan', '75mg daily'), (9, 9, 'Paracetamol', '75mg daily'), (10, 10, 'Ibuprofen', '500mg 3x daily'), (11, 11, 'Aspirin', '400mg as needed'), (12, 12, 'Ibuprofen', 'Apply twice daily'), (13, 13, 'Aspirin', 'Apply twice daily'), (14, 14, 'Sumatriptan', '500mg 3x daily'), (15, 15, 'Hydrocortisone', '75mg daily'), (16, 16, 'Ibuprofen', '50mg when needed'), (17, 17, 'Aspirin', '400mg as needed'), (18, 18, 'Aspirin', '75mg daily'), (19, 19, 'Ibuprofen', '75mg daily'), (20, 20, 'Hydrocortisone', 'Apply twice daily'), (21, 21, 'Ibuprofen', '500mg 3x daily'), (22, 22, 'Aspirin', 'Apply twice daily'), (23, 23, 'Aspirin', '75mg daily'), (24, 24, 'Paracetamol', 'Apply twice daily'), (25, 25, 'Aspirin', '400mg as needed'), (26, 26, 'Aspirin', '500mg 3x daily'), (27, 27, 'Sumatriptan', '500mg 3x daily'), (28, 28, 'Sumatriptan', '50mg when needed'), (29, 29, 'Aspirin', '50mg when needed'), (30, 30, 'Aspirin', '75mg daily'), (31, 31, 'Ibuprofen', '75mg daily'), (32, 32, 'Ibuprofen', 'Apply twice daily'), (33, 33, 'Ibuprofen', '75mg daily'), (34, 34, 'Ibuprofen', 'Apply twice daily'), (35, 35, 'Ibuprofen', '500mg 3x daily'), (36, 36, 'Ibuprofen', '500mg 3x daily'), (37, 37, 'Sumatriptan', '50mg when needed'), (38, 38, 'Aspirin', '75mg daily'), (39, 39, 'Paracetamol', '50mg when needed'), (40, 40, 'Aspirin', '500mg 3x daily'), (41, 41, 'Aspirin', '400mg as needed'), (42, 42, 'Ibuprofen', '500mg 3x daily'), (43, 43, 'Paracetamol', '50mg when needed'), (44, 44, 'Hydrocortisone', '400mg as needed'), (45, 45, 'Aspirin', '50mg when needed'), (46, 46, 'Hydrocortisone', '75mg daily'), (47, 47, 'Aspirin', '500mg 3x daily'), (48, 48, 'Hydrocortisone', '75mg daily'), (49, 49, 'Sumatriptan', '400mg as needed'), (50, 50, 'Hydrocortisone', 'Apply twice daily'), (51, 51, 'Sumatriptan', '500mg 3x daily'), (52, 52, 'Hydrocortisone', '500mg 3x daily'), (53, 53, 'Aspirin', '500mg 3x daily'), (54, 54, 'Ibuprofen', 'Apply twice daily'), (55, 55, 'Ibuprofen', '50mg when needed'), (56, 56, 'Paracetamol', '400mg as needed'), (57, 57, 'Ibuprofen', '75mg daily'), (58, 58, 'Paracetamol', '400mg as needed'), (59, 59, 'Paracetamol', '500mg 3x daily'), (60, 60, 'Paracetamol', '400mg as needed'), (61, 61, 'Hydrocortisone', '75mg daily'), (62, 62, 'Aspirin', '75mg daily'), (63, 63, 'Hydrocortisone', '400mg as needed'), (64, 64, 'Hydrocortisone', '75mg daily'), (65, 65, 'Hydrocortisone', '400mg as needed'), (66, 66, 'Aspirin', '75mg daily'), (67, 67, 'Aspirin', '50mg when needed'), (68, 68, 'Aspirin', '75mg daily'), (69, 69, 'Sumatriptan', '75mg daily'), (70, 70, 'Aspirin', '50mg when needed'), (71, 71, 'Sumatriptan', '500mg 3x daily'), (72, 72, 'Paracetamol', '50mg when needed'), (73, 73, 'Hydrocortisone', '50mg when needed'), (74, 74, 'Aspirin', '50mg when needed'), (75, 75, 'Hydrocortisone', '400mg as needed'), (76, 76, 'Sumatriptan', '75mg daily'), (77, 77, 'Sumatriptan', '400mg as needed'), (78, 78, 'Paracetamol', '50mg when needed'), (79, 79, 'Paracetamol', 'Apply twice daily'), (80, 80, 'Aspirin', '50mg when needed'), (81, 81, 'Ibuprofen', '75mg daily'), (82, 82, 'Aspirin', '400mg as needed'), (83, 83, 'Sumatriptan', 'Apply twice daily'), (84, 84, 'Hydrocortisone', '75mg daily'), (85, 85, 'Hydrocortisone', 'Apply twice daily'), (86, 86, 'Sumatriptan', '50mg when needed'), (87, 87, 'Hydrocortisone', 'Apply twice daily'), (88, 88, 'Hydrocortisone', '400mg as needed'), (89, 89, 'Paracetamol', 'Apply twice daily'), (90, 90, 'Hydrocortisone', '75mg daily'), (91, 91, 'Paracetamol', '400mg as needed'), (92, 92, 'Sumatriptan', '75mg daily'), (93, 93, 'Sumatriptan', 'Apply twice daily'), (94, 94, 'Sumatriptan', '500mg 3x daily'), (95, 95, 'Paracetamol', 'Apply twice daily'), (96, 96, 'Paracetamol', '75mg daily'), (97, 97, 'Paracetamol', '400mg as needed'), (98, 98, 'Paracetamol', '500mg 3x daily'), (99, 99, 'Sumatriptan', 'Apply twice daily'), (100, 100, 'Aspirin', '500mg 3x daily'), (101, 101, 'Aspirin', '400mg as needed'), (102, 102, 'Ibuprofen', '50mg when needed'), (103, 103, 'Ibuprofen', '75mg daily'), (104, 104, 'Paracetamol', 'Apply twice daily'), (105, 105, 'Ibuprofen', '500mg 3x daily'), (106, 106, 'Sumatriptan', '50mg when needed'), (107, 107, 'Paracetamol', '75mg daily'), (108, 108, 'Sumatriptan', '500mg 3x daily'), (109, 109, 'Sumatriptan', 'Apply twice daily'), (110, 110, 'Sumatriptan', '400mg as needed'), (111, 111, 'Ibuprofen', '50mg when needed'), (112, 112, 'Paracetamol', 'Apply twice daily'), (113, 113, 'Ibuprofen', '75mg daily'), (114, 114, 'Paracetamol', 'Apply twice daily'), (115, 115, 'Hydrocortisone', 'Apply twice daily'), (116, 116, 'Hydrocortisone', '75mg daily'), (117, 117, 'Ibuprofen', '50mg when needed'), (118, 118, 'Ibuprofen', '75mg daily'), (119, 119, 'Hydrocortisone', 'Apply twice daily'), (120, 120, 'Hydrocortisone', '75mg daily'), (121, 121, 'Ibuprofen', '75mg daily'), (122, 122, 'Ibuprofen', '50mg when needed'), (123, 123, 'Ibuprofen', '75mg daily'), (124, 124, 'Aspirin', '75mg daily'), (125, 125, 'Paracetamol', 'Apply twice daily'), (126, 126, 'Sumatriptan', '500mg 3x daily'), (127, 127, 'Aspirin', '75mg daily'), (128, 128, 'Paracetamol', '75mg daily'), (129, 129, 'Paracetamol', '75mg daily'), (130, 130, 'Hydrocortisone', '50mg when needed'), (131, 131, 'Sumatriptan', '500mg 3x daily'), (132, 132, 'Sumatriptan', '400mg as needed'), (133, 133, 'Aspirin', '75mg daily'), (134, 134, 'Hydrocortisone', '400mg as needed'), (135, 135, 'Ibuprofen', 'Apply twice daily'), (136, 136, 'Sumatriptan', '50mg when needed'), (137, 137, 'Ibuprofen', '400mg as needed'), (138, 138, 'Paracetamol', '50mg when needed'), (139, 139, 'Hydrocortisone', '50mg when needed'), (140, 140, 'Sumatriptan', '50mg when needed'), (141, 141, 'Hydrocortisone', 'Apply twice daily'), (142, 142, 'Aspirin', 'Apply twice daily'), (143, 143, 'Ibuprofen', '400mg as needed'), (144, 144, 'Paracetamol', '500mg 3x daily'), (145, 145, 'Sumatriptan', '500mg 3x daily'), (146, 146, 'Aspirin', '500mg 3x daily'), (147, 147, 'Paracetamol', '50mg when needed'), (148, 148, 'Hydrocortisone', '50mg when needed'), (149, 149, 'Aspirin', '75mg daily'), (150, 150, 'Paracetamol', '500mg 3x daily');
INSERT INTO billing VALUES (1, 1, 383.58, 'Paid'), (2, 2, 893.7, 'Unpaid'), (3, 3, 1088.46, 'Unpaid'), (4, 4, 320.87, 'Unpaid'), (5, 5, 445.36, 'Unpaid'), (6, 6, 1134.0, 'Unpaid'), (7, 7, 1076.24, 'Paid'), (8, 8, 1203.95, 'Unpaid'), (9, 9, 1214.56, 'Unpaid'), (10, 10, 613.58, 'Unpaid'), (11, 11, 1426.95, 'Unpaid'), (12, 12, 2285.32, 'Paid'), (13, 13, 1418.21, 'Paid'), (14, 14, 846.68, 'Paid'), (15, 15, 847.96, 'Paid'), (16, 16, 1091.61, 'Unpaid'), (17, 17, 794.3, 'Paid'), (18, 18, 2095.05, 'Unpaid'), (19, 19, 2451.07, 'Unpaid'), (20, 20, 647.39, 'Paid'), (21, 21, 1432.39, 'Paid'), (22, 22, 1443.28, 'Unpaid'), (23, 23, 1610.39, 'Unpaid'), (24, 24, 2163.7, 'Unpaid'), (25, 25, 1541.57, 'Unpaid'), (26, 26, 618.48, 'Paid'), (27, 27, 2189.48, 'Paid'), (28, 28, 640.95, 'Paid'), (29, 29, 1758.64, 'Unpaid'), (30, 30, 1696.04, 'Paid'), (31, 31, 566.9, 'Paid'), (32, 32, 2378.62, 'Paid'), (33, 33, 1771.62, 'Paid'), (34, 34, 304.01, 'Unpaid'), (35, 35, 1704.02, 'Unpaid'), (36, 36, 2115.42, 'Paid'), (37, 37, 616.14, 'Paid'), (38, 38, 746.12, 'Unpaid'), (39, 39, 1246.01, 'Unpaid'), (40, 40, 1161.07, 'Unpaid'), (41, 41, 1461.06, 'Paid'), (42, 42, 405.73, 'Unpaid'), (43, 43, 1485.3, 'Paid'), (44, 44, 831.39, 'Unpaid'), (45, 45, 849.98, 'Paid'), (46, 46, 1718.76, 'Paid'), (47, 47, 2342.08, 'Unpaid'), (48, 48, 2271.81, 'Paid'), (49, 49, 2209.07, 'Unpaid'), (50, 50, 1832.0, 'Unpaid'), (51, 51, 2369.13, 'Unpaid'), (52, 52, 887.38, 'Unpaid'), (53, 53, 742.56, 'Paid'), (54, 54, 2240.62, 'Unpaid'), (55, 55, 1348.8, 'Unpaid'), (56, 56, 1490.09, 'Paid'), (57, 57, 2067.65, 'Unpaid'), (58, 58, 1331.3, 'Paid'), (59, 59, 427.59, 'Unpaid'), (60, 60, 2451.67, 'Unpaid'), (61, 61, 1080.23, 'Unpaid'), (62, 62, 1445.35, 'Unpaid'), (63, 63, 2415.25, 'Unpaid'), (64, 64, 1388.23, 'Unpaid'), (65, 65, 959.01, 'Paid'), (66, 66, 2133.46, 'Paid'), (67, 67, 2382.8, 'Paid'), (68, 68, 2417.14, 'Unpaid'), (69, 69, 605.75, 'Paid'), (70, 70, 1842.62, 'Paid'), (71, 71, 2039.13, 'Unpaid'), (72, 72, 316.46, 'Unpaid'), (73, 73, 1947.42, 'Unpaid'), (74, 74, 447.24, 'Paid'), (75, 75, 2277.01, 'Paid'), (76, 76, 319.16, 'Paid'), (77, 77, 1102.59, 'Paid'), (78, 78, 1837.48, 'Paid'), (79, 79, 1384.3, 'Unpaid'), (80, 80, 1125.53, 'Unpaid'), (81, 81, 752.87, 'Unpaid'), (82, 82, 1599.18, 'Unpaid'), (83, 83, 373.61, 'Unpaid'), (84, 84, 826.06, 'Unpaid'), (85, 85, 850.84, 'Paid'), (86, 86, 632.28, 'Unpaid'), (87, 87, 1171.63, 'Unpaid'), (88, 88, 1373.77, 'Unpaid'), (89, 89, 2230.8, 'Paid'), (90, 90, 1154.61, 'Paid'), (91, 91, 1987.21, 'Paid'), (92, 92, 2358.47, 'Paid'), (93, 93, 673.41, 'Paid'), (94, 94, 873.18, 'Unpaid'), (95, 95, 790.44, 'Unpaid'), (96, 96, 1346.73, 'Paid'), (97, 97, 1386.08, 'Paid'), (98, 98, 1207.26, 'Paid'), (99, 99, 510.5, 'Paid'), (100, 100, 2272.58, 'Paid'), (101, 101, 1414.84, 'Unpaid'), (102, 102, 683.05, 'Unpaid'), (103, 103, 1263.56, 'Paid'), (104, 104, 1271.46, 'Paid'), (105, 105, 2455.78, 'Unpaid'), (106, 106, 1808.85, 'Unpaid'), (107, 107, 2129.52, 'Paid'), (108, 108, 401.42, 'Unpaid'), (109, 109, 851.02, 'Paid'), (110, 110, 1934.66, 'Paid'), (111, 111, 1405.51, 'Paid'), (112, 112, 2276.83, 'Unpaid'), (113, 113, 1213.04, 'Paid'), (114, 114, 613.9, 'Paid'), (115, 115, 1025.9, 'Unpaid'), (116, 116, 1581.15, 'Unpaid'), (117, 117, 1632.22, 'Unpaid'), (118, 118, 359.46, 'Unpaid'), (119, 119, 885.21, 'Unpaid'), (120, 120, 2059.67, 'Paid'), (121, 121, 1784.37, 'Paid'), (122, 122, 2318.23, 'Paid'), (123, 123, 2494.02, 'Unpaid'), (124, 124, 1211.42, 'Paid'), (125, 125, 730.83, 'Paid'), (126, 126, 1244.75, 'Paid'), (127, 127, 525.33, 'Paid'), (128, 128, 2302.12, 'Unpaid'), (129, 129, 1760.85, 'Paid'), (130, 130, 861.28, 'Unpaid'), (131, 131, 580.85, 'Paid'), (132, 132, 426.41, 'Paid'), (133, 133, 1566.13, 'Unpaid'), (134, 134, 540.34, 'Unpaid'), (135, 135, 2163.43, 'Unpaid'), (136, 136, 2008.57, 'Paid'), (137, 137, 564.93, 'Paid'), (138, 138, 932.27, 'Paid'), (139, 139, 1734.07, 'Paid'), (140, 140, 1466.48, 'Paid'), (141, 141, 1547.3, 'Paid'), (142, 142, 1202.61, 'Paid'), (143, 143, 1384.03, 'Unpaid'), (144, 144, 390.46, 'Unpaid'), (145, 145, 1832.95, 'Unpaid'), (146, 146, 1639.46, 'Unpaid'), (147, 147, 2138.99, 'Paid'), (148, 148, 2135.34, 'Unpaid'), (149, 149, 2304.28, 'Paid'), (150, 150, 337.88, 'Unpaid');


SELECT d.name AS doctor_name, COUNT(*) AS total_patients
FROM visits v
JOIN doctors d ON v.doctor_id = d.doctor_id
GROUP BY d.name
ORDER BY total_patients DESC;

SELECT *FROM billing



